2026-01-27,20:22:50,Motion Detected
2026-01-27,20:22:50,Motion Detected
2026-01-27,20:22:50,Motion Detected
2026-01-27,20:22:51,Motion Detected
2026-01-27,20:22:51,Motion Detected
2026-01-27,20:22:51,Motion Detected
2026-01-27,20:22:51,Motion Detected
2026-01-27,20:22:51,Motion Detected
2026-01-27,20:22:51,Motion Detected
2026-01-27,20:22:51,Motion Detected
2026-01-27,20:22:51,Motion Detected
2026-01-27,20:22:51,Motion Detected
2026-01-27,20:22:51,Motion Detected
2026-01-27,20:22:51,Motion Detected
2026-01-27,20:22:51,Motion Detected
2026-01-27,20:22:51,Motion Detected
2026-01-27,20:22:51,Motion Detected
2026-01-27,20:22:51,Motion Detected
2026-01-27,20:22:51,Motion Detected
2026-01-27,20:22:51,Motion Detected
2026-01-27,20:22:51,Motion Detected
2026-01-27,20:22:51,Motion Detected
2026-01-27,20:22:51,Motion Detected
2026-01-27,20:22:51,Motion Detected
2026-01-27,20:22:51,Motion Detected
2026-01-27,20:22:51,Motion Detected
2026-01-27,20:22:51,Motion Detected
2026-01-27,20:22:51,Motion Detected
2026-01-27,20:22:51,Motion Detected
2026-01-27,20:22:51,Motion Detected
2026-01-27,20:22:51,Motion Detected
2026-01-27,20:22:52,Motion Detected
2026-01-27,20:22:52,Motion Detected
2026-01-27,20:22:52,Motion Detected
2026-01-27,20:22:52,Motion Detected
2026-01-27,20:22:52,Motion Detected
2026-01-27,20:22:52,Motion Detected
2026-01-27,20:22:52,Motion Detected
2026-01-27,20:22:52,Motion Detected
2026-01-27,20:22:52,Motion Detected
2026-01-27,20:22:52,Motion Detected
2026-01-27,20:22:52,Motion Detected
2026-01-27,20:22:52,Motion Detected
2026-01-27,20:22:52,Motion Detected
2026-01-27,20:22:52,Motion Detected
2026-01-27,20:22:52,Motion Detected
2026-01-27,20:22:52,Motion Detected
2026-01-27,20:22:52,Motion Detected
2026-01-27,20:22:52,Motion Detected
2026-01-27,20:22:52,Motion Detected
2026-01-27,20:22:52,Motion Detected
2026-01-27,20:22:52,Motion Detected
2026-01-27,20:22:52,Motion Detected
2026-01-27,20:22:52,Motion Detected
2026-01-27,20:22:52,Motion Detected
2026-01-27,20:22:52,Motion Detected
2026-01-27,20:22:52,Motion Detected
2026-01-27,20:22:53,Motion Detected
2026-01-27,20:22:53,Motion Detected
2026-01-27,20:22:53,Motion Detected
2026-01-27,20:22:53,Motion Detected
2026-01-27,20:22:53,Motion Detected
2026-01-27,20:22:53,Motion Detected
2026-01-27,20:22:53,Motion Detected
2026-01-27,20:22:53,Motion Detected
2026-01-27,20:22:53,Motion Detected
2026-01-27,20:22:53,Motion Detected
2026-01-27,20:22:53,Motion Detected
2026-01-27,20:22:53,Motion Detected
2026-01-27,20:22:53,Motion Detected
2026-01-27,20:22:53,Motion Detected
2026-01-27,20:22:53,Motion Detected
2026-01-27,20:22:53,Motion Detected
2026-01-27,20:22:53,Motion Detected
2026-01-27,20:22:53,Motion Detected
2026-01-27,20:22:53,Motion Detected
2026-01-27,20:22:53,Motion Detected
